-- phpMyAdmin SQL Dump
-- version 5.1.3
-- https://www.phpmyadmin.net/
--
-- Host: 127.0.0.1
-- Waktu pembuatan: 11 Jan 2025 pada 18.11
-- Versi server: 10.4.24-MariaDB
-- Versi PHP: 7.4.28

SET SQL_MODE = "NO_AUTO_VALUE_ON_ZERO";
START TRANSACTION;
SET time_zone = "+00:00";


/*!40101 SET @OLD_CHARACTER_SET_CLIENT=@@CHARACTER_SET_CLIENT */;
/*!40101 SET @OLD_CHARACTER_SET_RESULTS=@@CHARACTER_SET_RESULTS */;
/*!40101 SET @OLD_COLLATION_CONNECTION=@@COLLATION_CONNECTION */;
/*!40101 SET NAMES utf8mb4 */;

--
-- Database: `madrasah`
--

-- --------------------------------------------------------

--
-- Struktur dari tabel `admin`
--

CREATE TABLE `admin` (
  `login_id` int(11) NOT NULL,
  `username` varchar(25) NOT NULL,
  `password` varchar(255) NOT NULL
) ENGINE=InnoDB DEFAULT CHARSET=utf8mb4;

--
-- Dumping data untuk tabel `admin`
--

INSERT INTO `admin` (`login_id`, `username`, `password`) VALUES
(1, 'admin', 'e10adc3949ba59abbe56e057f20f883e'),
(2, 'guru', '77e69c137812518e359196bb2f5e9bb9'),
(3, 'siswa', 'bcd724d15cde8c47650fda962968f102');

-- --------------------------------------------------------

--
-- Struktur dari tabel `admin_akses`
--

CREATE TABLE `admin_akses` (
  `login_id` int(11) NOT NULL,
  `akses_id` varchar(30) NOT NULL
) ENGINE=InnoDB DEFAULT CHARSET=utf8mb4;

--
-- Dumping data untuk tabel `admin_akses`
--

INSERT INTO `admin_akses` (`login_id`, `akses_id`) VALUES
(1, 'guru'),
(1, 'siswa'),
(1, 'pembayaran'),
(2, 'guru'),
(3, 'siswa'),
(3, 'pembayaran'),
(2, 'siswa'),
(2, 'pembayaran'),
(1, 'admin');

-- --------------------------------------------------------

--
-- Struktur dari tabel `master_akses`
--

CREATE TABLE `master_akses` (
  `akses_id` varchar(10) NOT NULL,
  `nama` varchar(30) NOT NULL
) ENGINE=InnoDB DEFAULT CHARSET=utf8mb4;

--
-- Dumping data untuk tabel `master_akses`
--

INSERT INTO `master_akses` (`akses_id`, `nama`) VALUES
('admin', 'admin'),
('guru', 'guru'),
('pembayaran', 'halaman pembayaran'),
('siswa', 'Ini untuk halaman siswa');

--
-- Indexes for dumped tables
--

--
-- Indeks untuk tabel `admin`
--
ALTER TABLE `admin`
  ADD PRIMARY KEY (`login_id`);

--
-- Indeks untuk tabel `admin_akses`
--
ALTER TABLE `admin_akses`
  ADD KEY `akses_id` (`akses_id`),
  ADD KEY `login_id` (`login_id`);

--
-- Indeks untuk tabel `master_akses`
--
ALTER TABLE `master_akses`
  ADD PRIMARY KEY (`akses_id`);

--
-- AUTO_INCREMENT untuk tabel yang dibuang
--

--
-- AUTO_INCREMENT untuk tabel `admin`
--
ALTER TABLE `admin`
  MODIFY `login_id` int(11) NOT NULL AUTO_INCREMENT, AUTO_INCREMENT=4;

--
-- Ketidakleluasaan untuk tabel pelimpahan (Dumped Tables)
--

--
-- Ketidakleluasaan untuk tabel `admin_akses`
--
ALTER TABLE `admin_akses`
  ADD CONSTRAINT `admin_akses_ibfk_1` FOREIGN KEY (`akses_id`) REFERENCES `master_akses` (`akses_id`),
  ADD CONSTRAINT `admin_akses_ibfk_2` FOREIGN KEY (`login_id`) REFERENCES `admin` (`login_id`);
COMMIT;

/*!40101 SET CHARACTER_SET_CLIENT=@OLD_CHARACTER_SET_CLIENT */;
/*!40101 SET CHARACTER_SET_RESULTS=@OLD_CHARACTER_SET_RESULTS */;
/*!40101 SET COLLATION_CONNECTION=@OLD_COLLATION_CONNECTION */;
